timestamp,block_number
1667260800,15871479
1667174400,15864318
1667088000,15857155
1667001600,15850001
1666915200,15842846
1666828800,15835684
1666742400,15828523
1666656000,15821368
1666569600,15814245
1666483200,15807083
1666396800,15799921
1666310400,15792759
1666224000,15785589
1666137600,15778435
1666051200,15771266
1665964800,15764111
1665878400,15756957
1665792000,15749788
1665705600,15742626
1665619200,15735471
1665532800,15728302
1665446400,15721140
1665360000,15713979
1665273600,15706816
1665187200,15699647
1665100800,15692500
1665014400,15685346
1664928000,15678200
1664841600,15671068
1664755200,15663907
1664668800,15656729
1664582400,15649598
1664496000,15642437
1664409600,15635275
1664323200,15628113
1664236800,15620974
1664150400,15613827
1664064000,15606658
1663977600,15599495
1663891200,15592325
1663804800,15585172
1663718400,15578116
1663632000,15570985
1663545600,15563853
1663459200,15556721
1663372800,15549597
1663286400,15542504
1663200000,15535777
1663113600,15529868
1663027200,15523804
1662940800,15517755
1662854400,15511692
1662768000,15505647
1662681600,15499578
1662595200,15493287
1662508800,15487070
1662422400,15480810
1662336000,15474641
1662249600,15468371
1662163200,15462171
1662076800,15455880
1661990400,15449619
1661904000,15443366
1661817600,15437150
1661731200,15430828
1661644800,15424591
1661558400,15418361
1661472000,15412115
1661385600,15405906
1661299200,15399653
1661212800,15393302
1661126400,15387033
1661040000,15380667
1660953600,15374314
1660867200,15368062
1660780800,15361716
1660694400,15355426
1660608000,15349050
1660521600,15342775
1660435200,15336461
1660348800,15330086
1660262400,15323743
1660176000,15317428
1660089600,15311046
1660003200,15304710
1659916800,15298282
1659830400,15291832
1659744000,15285449
1659657600,15278939
1659571200,15272549
1659484800,15266197
1659398400,15259748
1659312000,15253304
1659225600,15246901
1659139200,15240480
1659052800,15234060
1658966400,15227617
1658880000,15221189
1658793600,15214815
1658707200,15208411
1658620800,15202013
1658534400,15195557
1658448000,15189090
1658361600,15182610
1658275200,15176172
1658188800,15169695
1658102400,15163245
1658016000,15156810
1657929600,15150360
1657843200,15143928
1657756800,15137384
1657670400,15130979
1657584000,15124468
1657497600,15117973
1657411200,15111492
1657324800,15105072
1657238400,15098515
1657152000,15092096
1657065600,15085622
1656979200,15079142
1656892800,15072708
1656806400,15066174
1656720000,15059678
1656633600,15053229
1656547200,15047599
1656460800,15042266
1656374400,15036951
1656288000,15031538
1656201600,15026232
1656115200,15020887
1656028800,15015519
1655942400,15010209
1655856000,15004852
1655769600,14999386
1655683200,14993519
1655596800,14987810
1655510400,14981989
1655424000,14976124
1655337600,14970299
1655251200,14964553
1655164800,14958807
1655078400,14952970
1654992000,14947134
1654905600,14941265
1654819200,14935369
1654732800,14929562
1654646400,14923680
1654560000,14917722
1654473600,14911930
1654387200,14905987
1654300800,14900090
1654214400,14893958
1654128000,14887796
1654041600,14881678
1653955200,14875531
1653868800,14869429
1653782400,14863274
1653696000,14857111
1653609600,14850895
1653523200,14844801
1653436800,14838638
1653350400,14832560
1653264000,14826338
1653177600,14820219
1653091200,14814064
1653004800,14807910
1652918400,14801795
1652832000,14795550
1652745600,14789270
1652659200,14782979
1652572800,14776688
1652486400,14770450
1652400000,14764083
1652313600,14757898
1652227200,14751553
1652140800,14745349
1652054400,14739153
1651968000,14732824
1651881600,14726562
1651795200,14720256
1651708800,14713965
1651622400,14707704
1651536000,14701368
1651449600,14695015
1651363200,14688633
1651276800,14682282
1651190400,14675900
1651104000,14669564
1651017600,14663174
1650931200,14656860
1650844800,14650516
1650758400,14644142
1650672000,14637768
1650585600,14631358
1650499200,14625064
1650412800,14618643
1650326400,14612239
1650240000,14605880
1650153600,14599459
1650067200,14593047
1649980800,14586627
1649894400,14580216
1649808000,14573909
1649721600,14567465
1649635200,14561016
1649548800,14554610
1649462400,14548183
1649376000,14541846
1649289600,14535422
1649203200,14529007
1649116800,14522572
1649030400,14516244
1648944000,14509823
1648857600,14503463
1648771200,14497036
1648684800,14490623
1648598400,14484226
1648512000,14477775
1648425600,14471310
1648339200,14464914
1648252800,14458509
1648166400,14452089
1648080000,14445661
1647993600,14439219
1647907200,14432776
1647820800,14426365
1647734400,14419937
1647648000,14413494
1647561600,14407074
1647475200,14400650
1647388800,14394258
1647302400,14387853
1647216000,14381394
1647129600,14375066
1647043200,14368554
1646956800,14362226
1646870400,14355748
1646784000,14349241
1646697600,14342845
1646611200,14336402
1646524800,14329982
1646438400,14323607
1646352000,14317108
1646265600,14310661
1646179200,14304257
1646092800,14297754
1646006400,14291333
1645920000,14284853
1645833600,14278388
1645747200,14271953
1645660800,14265473
1645574400,14258984
1645488000,14252526
1645401600,14246091
1645315200,14239565
1645228800,14233161
1645142400,14226748
1645056000,14220275
1644969600,14213856
1644883200,14207337
1644796800,14200886
1644710400,14194414
1644624000,14187947
1644537600,14181423
1644451200,14174988
1644364800,14168515
1644278400,14162080
1644192000,14155622
1644105600,14149082
1644019200,14142693
1643932800,14136136
1643846400,14129717
1643760000,14123257
1643673600,14116762
1643587200,14110297
1643500800,14103763
1643414400,14097298
1643328000,14090826
1643241600,14084334
1643155200,14077903
1643068800,14071449
1642982400,14064994
1642896000,14058537
1642809600,14051981
1642723200,14045591
1642636800,14039103
1642550400,14032631
1642464000,14026166
1642377600,14019700
1642291200,14013196
1642204800,14006709
1642118400,14000274
1642032000,13993830
1641945600,13987373
1641859200,13980847
1641772800,13974427
1641686400,13967924
1641600000,13961398
1641513600,13954971
1641427200,13948581
1641340800,13942116
1641254400,13935627
1641168000,13929171
1641081600,13922667
1640995200,13916164
1640908800,13909786
1640822400,13903355
1640736000,13896836
1640649600,13890394
1640563200,13883913
1640476800,13877448
1640390400,13870990
1640304000,13864517
1640217600,13858111
1640131200,13851680
1640044800,13845238
1639958400,13838693
1639872000,13832240
1639785600,13825732
1639699200,13819260
1639612800,13812870
1639526400,13806389
1639440000,13800000
1639353600,13793511
1639267200,13786993
1639180800,13780505
1639094400,13774079
1639008000,13767795
1638921600,13761571
1638835200,13755303
1638748800,13749034
1638662400,13742802
1638576000,13736625
1638489600,13730330
1638403200,13724081
1638316800,13717843
1638230400,13711590
1638144000,13705381
1638057600,13699124
1637971200,13692739
1637884800,13686523
1637798400,13680218
1637712000,13673910
1637625600,13667574
1637539200,13661207
1637452800,13654917
1637366400,13648625
1637280000,13642394
1637193600,13636020
1637107200,13629631
1637020800,13623376
1636934400,13617059
1636848000,13610718
1636761600,13604390
1636675200,13597970
1636588800,13591595
1636502400,13585206
1636416000,13578838
1636329600,13572494
1636243200,13566037
